"variavel","categoria","percentual","erro_padrao","ic95_inf","ic95_sup","cv_pct"
"TIPO_SEGURANCA_ALIMENTAR","Segurança",63.295669308624,0.39464587997891,62.5221775972182,64.0691610200298,0.623495863602693
"TIPO_SEGURANCA_ALIMENTAR","Insegurança leve",24.0214961756777,0.299420523042468,23.4346427342823,24.608349617073,1.24646908274447
"TIPO_SEGURANCA_ALIMENTAR","Insegurança moderada",8.12869388095111,0.179937821496357,7.77602223136165,8.48136553054057,2.21361296330799
"TIPO_SEGURANCA_ALIMENTAR","Insegurança grave",4.55414063474722,0.126326361908424,4.30654551510874,4.8017357543857,2.77387924616509
"FAIXA_RENDA_PC","Até R$ 500",12.3013631103253,0.227859092366074,11.8547674957378,12.7479587249128,1.85230766966644
"FAIXA_RENDA_PC","R$ 501 a R$ 1.000",24.0060856053405,0.287004470049361,23.4435671806417,24.5686040300392,1.19554880694715
"FAIXA_RENDA_PC","R$ 1.001 a R$ 2.000",35.5044801819837,0.349456436441942,34.8195581523917,36.1894022115756,0.984260112106273
"FAIXA_RENDA_PC","R$ 2.001 a R$ 5.000",21.5527152047466,0.330315477378381,20.9053087655488,22.2001216439444,1.53259333796437
"FAIXA_RENDA_PC","Acima de R$ 5.000",6.63535589760389,0.293581832954597,6.05994607849763,7.21076571671016,4.42450770516489
"FAIXA_IDADE","Até 19 anos",0.524112865639894,0.0466240326583524,0.432731440815504,0.615494290464284,8.89580006806906
"FAIXA_IDADE","20–39 anos",28.7305711606761,0.31818219840826,28.1069455112741,29.354196810078,1.10746910191525
"FAIXA_IDADE","40–59 anos",42.2595257917766,0.31020210275644,41.6515408424454,42.8675107411078,0.734040661707573
"FAIXA_IDADE","60 anos ou mais",28.4857901819074,0.316316424510927,27.8658213821475,29.1057589816673,1.11043584359416
"SEXO_DESC","Homem",58.1589002802372,0.348862203344062,57.4751429261155,58.8426576343588,0.599843191090406
"SEXO_DESC","Mulher",41.8410997197628,0.348862203344062,41.1573423656412,42.5248570738845,0.833778762223316
"COR_RACA_DESC","Branca",44.087952954239,0.407486203750398,43.2892946706913,44.8866112377867,0.924257481796326
"COR_RACA_DESC","Preta",11.7536759198635,0.243991413500914,11.2754615368647,12.2318903028623,2.07587324309813
"COR_RACA_DESC","Parda",42.7536891868533,0.353732933616729,42.0603853768188,43.4469929968878,0.827374059044948
"COR_RACA_DESC","Amarela",0.764503555122613,0.0724195697981859,0.622563806542284,0.906443303702942,9.47275775409195
"COR_RACA_DESC","Indígena",0.457412959112256,0.0392791072439031,0.380427323569319,0.534398594655192,8.58723096086647
"COR_RACA_DESC","Sem declaração",0.182765424809365,0.032487695671011,0.119090711353486,0.246440138265245,17.7756245224705
"NIVEL_INSTRUCAO_DESC","Sem instrução",7.21128510928847,0.155973066760793,6.90558351587905,7.51698670269788,2.16290251178521
"NIVEL_INSTRUCAO_DESC","Fundamental incompleto",36.1102325188449,0.351069726937369,35.4221484979853,36.7983165397044,0.972216744254292
"NIVEL_INSTRUCAO_DESC","Fundamental completo",8.56918979221163,0.176754937961284,8.22275647971791,8.91562310470536,2.0626796960657
"NIVEL_INSTRUCAO_DESC","Médio incompleto",4.72286808323404,0.125094011791083,4.47768832544189,4.96804784102619,2.6486873989803
"NIVEL_INSTRUCAO_DESC","Médio completo",24.9101927339155,0.301278404034588,24.319697912688,25.500687555143,1.20945834202396
"NIVEL_INSTRUCAO_DESC","Superior incompleto",3.51263067312632,0.120186877210217,3.27706872237996,3.74819262387269,3.42156316431775
"NIVEL_INSTRUCAO_DESC","Superior completo",14.9636010893791,0.391274444890061,14.1967172693237,15.7304849094346,2.61484145796816
"COMPOSICAO_FAMILIAR_DESC","Um adulto sem criança",9.18536037020759,0.182875762584914,8.82693046189586,9.54379027851932,1.99094815243249
"COMPOSICAO_FAMILIAR_DESC","Um adulto com ao menos uma criança",2.88739588454924,0.0989440560198353,2.69346909826605,3.08132267083243,3.4267575343338
"COMPOSICAO_FAMILIAR_DESC","Mais de um adulto sem criança",30.6334744321908,0.292114431602165,30.0609406668862,31.2060081974954,0.953579171206253
"COMPOSICAO_FAMILIAR_DESC","Mais de um adulto com ao menos uma criança",32.9301105151175,0.322820386507602,32.2973941840873,33.5628268461477,0.980319778639678
"COMPOSICAO_FAMILIAR_DESC","Um ou mais idosos, com ou sem crianças",9.05914399633757,0.192850250404697,8.68116445113483,9.43712354154031,2.12879109199128
"COMPOSICAO_FAMILIAR_DESC","Idosos e adultos, com ou sem crianças",15.3045148015972,0.229226960184309,14.8552382153504,15.7537913878441,1.49777345545372
"GRANDE_REGIAO_DESC","Norte",7.25578829615457,0.134335801820654,6.99249496275177,7.51908162955736,1.85142945656021
"GRANDE_REGIAO_DESC","Nordeste",25.9196333699813,0.278977950566012,25.3728466343911,26.4664201055714,1.07631904581301
"GRANDE_REGIAO_DESC","Sudeste",43.6432431266182,0.343315608661923,42.9703568983104,44.316129354926,0.786640918654676
"GRANDE_REGIAO_DESC","Sul",15.4301907786254,0.232545154044205,14.9744106519194,15.8859709053313,1.50707892974556
"GRANDE_REGIAO_DESC","Centro-Oeste",7.7511444286206,0.184704798516963,7.38912967575563,8.11315918148558,2.38293583893177
"UF_DESC","Rondônia",0.82927629235252,0.0354160170232204,0.759862174511151,0.898690410193889,4.27071379585096
"UF_DESC","Acre",0.34023181376791,0.0183318987986192,0.304301952354383,0.376161675181437,5.38806133253732
"UF_DESC","Amazonas",1.47243819754609,0.0489434574496136,1.37651078366598,1.5683656114262,3.32397363306527
"UF_DESC","Roraima",0.199725235185244,0.0207963185711809,0.158965199774708,0.24048527059578,10.4124641795477
"UF_DESC","Pará",3.40821377203202,0.108348702926385,3.19585421652467,3.62057332753936,3.17904656731042
"UF_DESC","Amapá",0.303634765692633,0.0163269678323219,0.271634496764538,0.335635034620728,5.37717339286817
"UF_DESC","Tocantins",0.70226821957815,0.0403157689629588,0.623250764401713,0.781285674754587,5.74079359410231
"UF_DESC","Maranhão",2.86292706765692,0.0927316406401052,2.681176391775,3.04467774353884,3.23905005082783
"UF_DESC","Piauí",1.47782365537893,0.0915403420021377,1.29840788192226,1.6572394288356,6.1942669322522
"UF_DESC","Ceará",4.10900597223589,0.106760190279297,3.89975984430583,4.31825210016596,2.59819992963419
"UF_DESC","Rio Grande do Norte",1.56624059193306,0.0567850239188793,1.45494399019081,1.67753719367531,3.62556201207855
"UF_DESC","Paraíba",1.83565549137612,0.0661957051163086,1.70591429341692,1.96539668933532,3.60610721495917
"UF_DESC","Pernambuco",4.37724783310823,0.0880394917213862,4.2046936001171,4.54980206609936,2.01129785376741
"UF_DESC","Alagoas",1.49243803259984,0.0574730851689674,1.37979285558827,1.60508320961142,3.85095286461232
"UF_DESC","Sergipe",1.08716185231098,0.0362884428483922,1.01603781127309,1.15828589334887,3.33790619779878
"UF_DESC","Bahia",7.11113287338128,0.211053723280699,6.69747517694803,7.52479056981454,2.9679339008096
"UF_DESC","Minas Gerais",10.3820167347978,0.168888231773523,10.0510018831091,10.7130315864866,1.62673819632224
"UF_DESC","Espírito Santo",2.01195730118063,0.0532125007500429,1.90766271618324,2.11625188617803,2.64481262692888
"UF_DESC","Rio de Janeiro",8.617181912918,0.225892517034854,8.17444071515258,9.05992311068341,2.62141984836388
"UF_DESC","São Paulo",22.6320871777218,0.326274892788466,21.9926001387967,23.2715742166468,1.44164738420431
"UF_DESC","Paraná",5.74096147820912,0.15777521506204,5.43172773903446,6.05019521738378,2.74823678334901
"UF_DESC","Santa Catarina",3.66582097729904,0.115015596724226,3.44039455005917,3.8912474045389,3.1375126455021
"UF_DESC","Rio Grande do Sul",6.0234083231172,0.146249793008927,5.73676399607326,6.31005265016114,2.428023888861
"UF_DESC","Mato Grosso do Sul",1.30545790337386,0.0469258324181721,1.21348496188968,1.39743084485804,3.59458794472771
"UF_DESC","Mato Grosso",1.61705397709144,0.0570123836287522,1.50531175850631,1.72879619567658,3.52569453069829
"UF_DESC","Goiás",3.4119660506402,0.166138278225474,3.08634100886477,3.73759109241562,4.86928286388727
"UF_DESC","Distrito Federal",1.4166664975151,0.0516785912042625,1.31537831998297,1.51795467504722,3.64790099115842
"URBANO_RURAL_DESC","Urbano",86.2040655072207,0.243282440057924,85.7272406866361,86.6808903278052,0.282216898502944
"URBANO_RURAL_DESC","Rural",13.7959344927793,0.243282440057924,13.3191096721948,14.2727593133639,1.76343574395237
